"","Mean","Median","Mode","ESS","HDImass","HDIlow","HDIhigh","CompVal","PcntGtCompVal","ROPElow","ROPEhigh","PcntLtROPE","PcntInROPE","PcntGtROPE"
"theta[1]",0.687318826378104,0.6953128303323,0.703394072566532,50000,0.95,0.461875176617611,0.888487325221672,NA,NA,0.45,0.55,2.502,9.506,87.992
"theta[2]",0.734281036464374,0.73652405832345,0.738471837763074,50000,0.95,0.628006116365638,0.840527144545943,NA,NA,0.45,0.55,0,0.097999999999999,99.902
"theta[3]",0.312440480837775,0.304329545054333,0.291217298050606,52213.2,0.95,0.107429176798047,0.53675877714049,NA,NA,0.45,0.55,87.926,9.422,2.652
"theta[1]-theta[2]",-0.0469622100862697,-0.0407187598138887,-0.0347114056781699,50000,0.95,-0.286747400258724,0.193766435008841,0,37.256,-0.05,0.05,47.06,30.234,22.706
"theta[1]-theta[3]",0.374878345540328,0.381513754491895,0.382153244428387,50556.5,0.95,0.0601427906199061,0.67420704846917,0,98.71,-0.05,0.05,0.64,1.998,97.362
"theta[2]-theta[3]",0.421840555626598,0.428675331420556,0.451463348626043,53081.6,0.95,0.172507564506831,0.656902559574298,0,99.922,-0.05,0.05,0.02,0.256,99.724
