"","Mean","Median","Mode","ESS","HDImass","HDIlow","HDIhigh","CompVal","PcntGtCompVal","ROPElow","ROPEhigh","PcntLtROPE","PcntInROPE","PcntGtROPE"
"theta[1]",0.687512226619838,0.695146663449448,0.710524916273016,50000,0.95,0.466295956911248,0.892163854503059,NA,NA,0.45,0.55,2.502,9.43000000000001,88.068
"theta[2]",0.734300929365382,0.736226830958401,0.732860375601797,50000,0.95,0.626510418544212,0.838546345477359,NA,NA,0.45,0.55,0,0.102000000000004,99.898
"theta[3]",0.312134899327177,0.30484846122316,0.28269107518382,49173.2,0.95,0.107148317464359,0.535885815045234,NA,NA,0.45,0.55,87.95,9.554,2.496
"theta[1]-theta[2]",-0.0467887027455436,-0.0409566472586832,-0.00924354758910129,50000,0.95,-0.298669943717538,0.182948619433584,0,37.364,-0.05,0.05,47.17,30.06,22.77
"theta[1]-theta[3]",0.375377327292661,0.383075453154806,0.404840482601202,50433.4,0.95,0.057773061165178,0.670767195122007,0,98.736,-0.05,0.05,0.584,2.008,97.408
"theta[2]-theta[3]",0.422166030038204,0.428122343920221,0.4231651318295,49291.9,0.95,0.179253545869367,0.66130180820354,0,99.926,-0.05,0.05,0.016,0.277999999999992,99.706
