"","Mean","Median","Mode","ESS","HDImass","HDIlow","HDIhigh","CompVal","PcntGtCompVal","ROPElow","ROPEhigh","PcntLtROPE","PcntInROPE","PcntGtROPE"
"theta[1]",0.687552081331824,0.695233149267839,0.720288308832682,50000,0.95,0.462788637387905,0.892028320745367,NA,NA,0.45,0.55,2.488,9.624,87.888
"theta[2]",0.734357605512758,0.736858621680848,0.738826458109086,50000,0.95,0.622565326116455,0.83564682928791,NA,NA,0.45,0.55,0,0.109999999999999,99.89
"theta[3]",0.312443595093057,0.304479185441772,0.275955776940293,50000,0.95,0.103448367394883,0.530677847785666,NA,NA,0.45,0.55,87.998,9.49199999999999,2.51
"theta[1]-theta[2]",-0.046805524180934,-0.0412687223831757,-0.0279481174612618,50000,0.95,-0.293471058690173,0.192495743361516,0,37.212,-0.05,0.05,47.272,29.942,22.786
"theta[1]-theta[3]",0.375108486238767,0.382577821438605,0.395702959622723,50000,0.95,0.0657745671103697,0.682190196924772,0,98.718,-0.05,0.05,0.628,2.06399999999999,97.308
"theta[2]-theta[3]",0.421914010419701,0.428559005792302,0.437688018694683,50000,0.95,0.176003336619701,0.65788352496303,0,99.924,-0.05,0.05,0.026,0.260000000000005,99.714
