"","Mean","Median","Mode","ESS","HDImass","HDIlow","HDIhigh","CompVal","PcntGtCompVal","ROPElow","ROPEhigh","PcntLtROPE","PcntInROPE","PcntGtROPE"
"theta[1]",0.686598231869235,0.693960165725474,0.717067769624926,50000,0.95,0.471019974435809,0.897544684419334,NA,NA,0.45,0.55,2.604,9.498,87.898
"theta[2]",0.734568859109713,0.736703511250233,0.74313145368274,50000,0.95,0.626497742307509,0.838555497825079,NA,NA,0.45,0.55,0,0.0879999999999939,99.912
"theta[3]",0.312456869640209,0.304588624918207,0.28196425030751,50000,0.95,0.101520278783306,0.528771956135965,NA,NA,0.45,0.55,88.176,9.26599999999999,2.558
"theta[1]-theta[2]",-0.0479706272404782,-0.0421995167831255,-0.00920731018869014,48979.9,0.95,-0.297724720514725,0.187105838709174,0,36.892,-0.05,0.05,47.564,30,22.436
"theta[1]-theta[3]",0.374141362229025,0.380593810316963,0.384059343690011,50000,0.95,0.0561468187539966,0.669109120622586,0,98.654,-0.05,0.05,0.628,2.05200000000001,97.32
"theta[2]-theta[3]",0.422111989469503,0.428066453434647,0.422096408512433,50000,0.95,0.178291627982996,0.660108197226572,0,99.908,-0.05,0.05,0.022,0.305999999999997,99.672
