"","Mean","Median","Mode","ESS","HDImass","HDIlow","HDIhigh","CompVal","PcntGtCompVal","ROPElow","ROPEhigh","PcntLtROPE","PcntInROPE","PcntGtROPE"
"theta[1]",0.687649813597084,0.695530957979574,0.695396923236056,50000,0.95,0.466056872953832,0.893386416034196,NA,NA,0.45,0.55,2.536,9.366,88.098
"theta[2]",0.734402829543178,0.737197805323095,0.74103156471428,50000,0.95,0.626265826057622,0.840431236236007,NA,NA,0.45,0.55,0,0.0799999999999983,99.92
"theta[3]",0.313612224545259,0.30575750558892,0.274986557183766,49219.2,0.95,0.109191221154305,0.535487779518211,NA,NA,0.45,0.55,87.562,9.86,2.578
"theta[1]-theta[2]",-0.0467530159460939,-0.0407548338400861,-0.0314526882671531,48665.3,0.95,-0.297856025395655,0.18810578161112,0,37.162,-0.05,0.05,46.914,30.432,22.654
"theta[1]-theta[3]",0.374037589051825,0.382310170391337,0.414734153598388,48477.1,0.95,0.0667954620143553,0.682838695563885,0,98.604,-0.05,0.05,0.686,2.05799999999999,97.256
"theta[2]-theta[3]",0.420790604997919,0.42770188573053,0.435313225774338,49739.8,0.95,0.165605782138756,0.650064364565536,0,99.912,-0.05,0.05,0.014,0.316000000000003,99.67
