"","Mean","Median","Mode","ESS","HDImass","HDIlow","HDIhigh","CompVal","PcntGtCompVal","ROPElow","ROPEhigh","PcntLtROPE","PcntInROPE","PcntGtROPE"
"theta[1]",0.68772413158081,0.695810719349588,0.716359671445757,50000,0.95,0.469162098890415,0.897447480055733,NA,NA,0.45,0.55,2.586,9.432,87.982
"theta[2]",0.734108949410946,0.736533748032458,0.740224197067085,50000,0.95,0.626644815222265,0.838448703922897,NA,NA,0.45,0.55,0,0.0999999999999943,99.9
"theta[3]",0.312019866564912,0.303499254300196,0.275129383741308,50000,0.95,0.107344866754266,0.532759597356728,NA,NA,0.45,0.55,87.984,9.50800000000001,2.508
"theta[1]-theta[2]",-0.0463848178301351,-0.0403038147164336,-0.0209212454177951,51458.9,0.95,-0.293241074070072,0.193046497427806,0,37.292,-0.05,0.05,46.924,30.12,22.956
"theta[1]-theta[3]",0.375704265015899,0.382879786657434,0.408819838181095,50000,0.95,0.057457397680729,0.672889378707041,0,98.594,-0.05,0.05,0.662,2.02199999999999,97.316
"theta[2]-theta[3]",0.422089082846034,0.429057311997741,0.447503848707159,50000,0.95,0.177552599320964,0.65840985173366,0,99.94,-0.05,0.05,0.022,0.239999999999995,99.738
