"","Mean","Median","Mode","ESS","HDImass","HDIlow","HDIhigh","CompVal","PcntGtCompVal","ROPElow","ROPEhigh","PcntLtROPE","PcntInROPE","PcntGtROPE"
"theta[1]",0.687059170016612,0.695338925306438,0.709457175535356,51169.8,0.95,0.465665016374291,0.893092579004405,NA,NA,0.45,0.55,2.456,9.75999999999999,87.784
"theta[2]",0.734255711271045,0.736671938475628,0.740781671208592,50000,0.95,0.625074904208125,0.836514095299887,NA,NA,0.45,0.55,0,0.0879999999999939,99.912
"theta[3]",0.311558775445413,0.303444083371902,0.278909889833566,50000,0.95,0.105939977085643,0.531258803153453,NA,NA,0.45,0.55,88.134,9.306,2.56
"theta[1]-theta[2]",-0.0471965412544338,-0.0405311079795587,-0.0189083193088365,50000,0.95,-0.293456103115256,0.191349925538165,0,37.14,-0.05,0.05,47.09,30.172,22.738
"theta[1]-theta[3]",0.375500394571198,0.38253332715018,0.398110099382265,50000,0.95,0.0601876628592293,0.676910740268377,0,98.72,-0.05,0.05,0.552,2.14999999999999,97.298
"theta[2]-theta[3]",0.422696935825632,0.429274069511202,0.429318930453166,50000,0.95,0.177947828599404,0.660676996449833,0,99.93,-0.05,0.05,0.012,0.272000000000006,99.716
