"","Mean","Median","Mode","ESS","HDImass","HDIlow","HDIhigh","CompVal","PcntGtCompVal","ROPElow","ROPEhigh","PcntLtROPE","PcntInROPE","PcntGtROPE"
"theta[1]",0.687230909684608,0.695098968976024,0.701135506786661,51728.4,0.95,0.463245141805548,0.890815424944906,NA,NA,0.45,0.55,2.55,9.39400000000001,88.056
"theta[2]",0.73404002460177,0.736644678878397,0.742360702226062,50000,0.95,0.626859676897837,0.839981494064849,NA,NA,0.45,0.55,0,0.102000000000004,99.898
"theta[3]",0.312544668625058,0.304108457467632,0.276022360662021,50000,0.95,0.107568870060667,0.535071607409062,NA,NA,0.45,0.55,87.772,9.756,2.472
"theta[1]-theta[2]",-0.0468091149171618,-0.0406193097105653,-0.0318516070090821,50884.2,0.95,-0.286234589627127,0.197723622663859,0,37.036,-0.05,0.05,47.052,30.416,22.532
"theta[1]-theta[3]",0.374686241059551,0.381581982852577,0.387615226098402,50000,0.95,0.0573259388431273,0.673198548764024,0,98.706,-0.05,0.05,0.618,2.01400000000001,97.368
"theta[2]-theta[3]",0.421495355976713,0.428411649148251,0.443239151475758,50000,0.95,0.176794281521035,0.658717372431722,0,99.89,-0.05,0.05,0.034,0.253999999999991,99.712
