"","Mean","Median","Mode","ESS","HDImass","HDIlow","HDIhigh","CompVal","PcntGtCompVal","ROPElow","ROPEhigh","PcntLtROPE","PcntInROPE","PcntGtROPE"
"theta[1]",0.687014554156079,0.694526336800209,0.743146346989404,48757.8,0.95,0.464172408905452,0.894951669226765,NA,NA,0.45,0.55,2.654,9.58800000000001,87.758
"theta[2]",0.734640561193573,0.737179388203103,0.743378583018243,50000,0.95,0.625312294831695,0.838469952964858,NA,NA,0.45,0.55,0,0.116,99.884
"theta[3]",0.312185349401847,0.304567748834064,0.272486037763277,49340.1,0.95,0.101886346994183,0.527599314097564,NA,NA,0.45,0.55,88.174,9.30799999999999,2.518
"theta[1]-theta[2]",-0.0476260070374946,-0.0413819181183288,-0.0357121599973074,48561.7,0.95,-0.293162184763768,0.192590212208366,0,37.184,-0.05,0.05,47.364,29.84,22.796
"theta[1]-theta[3]",0.374829204754232,0.381073923351583,0.393281117064555,49167.8,0.95,0.0617245908722859,0.676437821655886,0,98.678,-0.05,0.05,0.602,2.07599999999999,97.322
"theta[2]-theta[3]",0.422455211791726,0.429707698254102,0.451173047052851,48655.4,0.95,0.175716263810494,0.656572425584132,0,99.908,-0.05,0.05,0.018,0.236000000000004,99.746
