"","Mean","Median","Mode","ESS","HDImass","HDIlow","HDIhigh","CompVal","PcntGtCompVal","ROPElow","ROPEhigh","PcntLtROPE","PcntInROPE","PcntGtROPE"
"theta[1]",0.687871578744505,0.696602891951225,0.71610372199707,51507.9,0.95,0.472334052350274,0.896183343615948,NA,NA,0.45,0.55,2.422,9.572,88.006
"theta[2]",0.734440520579404,0.736964322828636,0.741156054478245,50829.8,0.95,0.62681402375695,0.838356235383246,NA,NA,0.45,0.55,0,0.132000000000005,99.868
"theta[3]",0.312130388896869,0.303723966893661,0.28060239614029,50000,0.95,0.102177881970088,0.530182901924097,NA,NA,0.45,0.55,88.14,9.366,2.494
"theta[1]-theta[2]",-0.0465689418348992,-0.0397732584873435,-0.0192919209223883,50000,0.95,-0.295860767665646,0.187127730332605,0,37.282,-0.05,0.05,46.938,30.19,22.872
"theta[1]-theta[3]",0.375741189847635,0.383257841397407,0.397538917474855,50000,0.95,0.0633002216868017,0.675418549114699,0,98.752,-0.05,0.05,0.586,2.032,97.382
"theta[2]-theta[3]",0.422310131682534,0.429695632932227,0.457685194565404,50000,0.95,0.170693361731191,0.654083884139832,0,99.906,-0.05,0.05,0.024,0.254000000000005,99.722
