"","Mean","Median","Mode","ESS","HDImass","HDIlow","HDIhigh","CompVal","PcntGtCompVal","ROPElow","ROPEhigh","PcntLtROPE","PcntInROPE","PcntGtROPE"
"theta[1]",0.687102593410502,0.695236463920278,0.714703373497608,50000,0.95,0.466137675191313,0.894079330289937,NA,NA,0.45,0.55,2.526,9.446,88.028
"theta[2]",0.734264437483702,0.7366265362352,0.747117379675055,51596,0.95,0.624735924261884,0.837153458956324,NA,NA,0.45,0.55,0,0.103999999999999,99.896
"theta[3]",0.312780449383941,0.305207835937238,0.311102704245742,50000,0.95,0.108700890606546,0.537889495088419,NA,NA,0.45,0.55,87.79,9.58999999999999,2.62
"theta[1]-theta[2]",-0.0471618440732001,-0.0415061468015658,-0.0281777232713066,50000,0.95,-0.290035185699594,0.190615097598341,0,36.632,-0.05,0.05,47.364,30.276,22.36
"theta[1]-theta[3]",0.374322144026561,0.381501312053754,0.417519722340345,50637,0.95,0.060979295341216,0.676229382086764,0,98.644,-0.05,0.05,0.614,2.134,97.252
"theta[2]-theta[3]",0.421483988099761,0.428049065820979,0.435259071114968,50000,0.95,0.172269324093573,0.65427552743162,0,99.912,-0.05,0.05,0.026,0.272000000000006,99.702
