"","Mean","Median","Mode","ESS","HDImass","HDIlow","HDIhigh","CompVal","PcntGtCompVal","ROPElow","ROPEhigh","PcntLtROPE","PcntInROPE","PcntGtROPE"
"theta[1]",0.687424180952681,0.695470386166938,0.713295303089462,50000,0.95,0.463898233820489,0.892357426513028,NA,NA,0.45,0.55,2.588,9.50800000000001,87.904
"theta[2]",0.735074214239651,0.737439316608594,0.736104596083153,50000,0.95,0.628071195226272,0.839771742555318,NA,NA,0.45,0.55,0,0.102000000000004,99.898
"theta[3]",0.312548326464047,0.304456038681695,0.285430901642634,50000,0.95,0.103462332181197,0.532648378317934,NA,NA,0.45,0.55,87.994,9.39,2.616
"theta[1]-theta[2]",-0.0476500332869692,-0.0416782443757031,-0.0251646137167935,50000,0.95,-0.299105654940085,0.187072008251816,0,36.952,-0.05,0.05,47.436,29.894,22.67
"theta[1]-theta[3]",0.374875854488634,0.381896851994694,0.389592429366425,49546,0.95,0.0678187342848685,0.684772837902803,0,98.714,-0.05,0.05,0.604,2.14400000000001,97.252
"theta[2]-theta[3]",0.422525887775604,0.428846587586237,0.445556461106142,50000,0.95,0.175751673184116,0.655407789113804,0,99.936,-0.05,0.05,0.02,0.216000000000008,99.764
