"","Mean","Median","Mode","ESS","HDImass","HDIlow","HDIhigh","CompVal","PcntGtCompVal","ROPElow","ROPEhigh","PcntLtROPE","PcntInROPE","PcntGtROPE"
"theta[1]",0.687574374304586,0.695682742443829,0.706346416884118,50000,0.95,0.467044089310767,0.896629677611118,NA,NA,0.45,0.55,2.618,9.60600000000001,87.776
"theta[2]",0.734641654874599,0.737093221822206,0.742347473663672,50000,0.95,0.628414809248729,0.840815124711429,NA,NA,0.45,0.55,0.002,0.100000000000009,99.898
"theta[3]",0.312496552422775,0.304368104347407,0.272727527145831,50000,0.95,0.107688194548345,0.534253348168624,NA,NA,0.45,0.55,88.01,9.508,2.482
"theta[1]-theta[2]",-0.0470672805700129,-0.0410515279430483,-0.039196821221978,50000,0.95,-0.293053391714086,0.191074788600785,0,37.16,-0.05,0.05,47.29,29.888,22.822
"theta[1]-theta[3]",0.375077821881811,0.382630038961426,0.406564599626574,50000,0.95,0.0572835316693888,0.672423425370532,0,98.672,-0.05,0.05,0.604,2.08,97.316
"theta[2]-theta[3]",0.422145102451824,0.428806156494791,0.432308910485088,50000,0.95,0.177129570033661,0.657155703584912,0,99.914,-0.05,0.05,0.02,0.254000000000005,99.726
