"","Mean","Median","Mode","ESS","HDImass","HDIlow","HDIhigh","CompVal","PcntGtCompVal","ROPElow","ROPEhigh","PcntLtROPE","PcntInROPE","PcntGtROPE"
"theta[1]",0.687159458211783,0.695464249404246,0.713508450729984,50000,0.95,0.469488611974469,0.895899307551814,NA,NA,0.45,0.55,2.586,9.51600000000001,87.898
"theta[2]",0.734380493869434,0.736560176496739,0.735923263947826,51615,0.95,0.623808852232858,0.835263002434777,NA,NA,0.45,0.55,0.002,0.0880000000000081,99.91
"theta[3]",0.312769854578635,0.305218293289604,0.287109174625258,50000,0.95,0.105383107578977,0.531553762870174,NA,NA,0.45,0.55,88.1,9.372,2.528
"theta[1]-theta[2]",-0.0472210356576508,-0.0412952107886927,-0.0190580332162383,50724.9,0.95,-0.291321110158535,0.191160171325762,0,37.16,-0.05,0.05,47.242,30.03,22.728
"theta[1]-theta[3]",0.374389603633148,0.38178626306071,0.421648662895241,50000,0.95,0.0609783975340907,0.676679283873115,0,98.606,-0.05,0.05,0.638,2.16,97.202
"theta[2]-theta[3]",0.421610639290799,0.427423265862724,0.454214847867469,50000,0.95,0.178935123763553,0.660490630866429,0,99.922,-0.05,0.05,0.02,0.246000000000009,99.734
