"","Mean","Median","Mode","ESS","HDImass","HDIlow","HDIhigh","CompVal","PcntGtCompVal","ROPElow","ROPEhigh","PcntLtROPE","PcntInROPE","PcntGtROPE"
"theta[1]",0.687060103103824,0.694888443459992,0.712943165908557,49672.5,0.95,0.465902880327562,0.893569679406786,NA,NA,0.45,0.55,2.526,9.724,87.75
"theta[2]",0.734399882236368,0.736985625799714,0.750890352422096,50000,0.95,0.627771417839911,0.839864281922181,NA,NA,0.45,0.55,0,0.103999999999999,99.896
"theta[3]",0.312728812897337,0.304593282867213,0.283278929052061,50000,0.95,0.108103099044999,0.535901963776488,NA,NA,0.45,0.55,87.974,9.416,2.61
"theta[1]-theta[2]",-0.0473397791325434,-0.0413548901057094,-0.0278675557146918,50249.9,0.95,-0.304850109286686,0.179135302024507,0,37.026,-0.05,0.05,47.356,29.978,22.666
"theta[1]-theta[3]",0.374331290206487,0.381613982336963,0.398445037066821,49910.2,0.95,0.0535700790110247,0.673442249591399,0,98.636,-0.05,0.05,0.642,2.116,97.242
"theta[2]-theta[3]",0.421671069339031,0.428759531101128,0.434485369531239,50000,0.95,0.174050840233222,0.657924323727762,0,99.878,-0.05,0.05,0.038,0.262,99.7
